{"cameraMode":{"drawMode":0,"name":"Shaded","section":"Shading Mode"},"sceneLighting":false,"audioPlay":false,"sceneViewState":{"m_AlwaysRefresh":false,"showFog":true,"showSkybox":true,"showFlares":true,"showImageEffects":true,"showParticleSystems":true,"showVisualEffectGraphs":true,"m_FxEnabled":true},"in2DMode":false,"pivot":{"x":-0.935579240322113,"y":2.0087084770202638,"z":20.714603424072267},"rotation":{"x":-0.13456301391124726,"y":0.02347894199192524,"z":-0.0031893106643110515,"w":-0.9906265139579773},"size":14.2210054397583,"orthographic":false}