{"cameraMode":{"drawMode":0,"name":"Shaded","section":"Shading Mode"},"sceneLighting":false,"audioPlay":false,"sceneViewState":{"m_AlwaysRefresh":false,"showFog":true,"showSkybox":true,"showFlares":true,"showImageEffects":true,"showParticleSystems":true,"showVisualEffectGraphs":true,"m_FxEnabled":true},"in2DMode":false,"pivot":{"x":-2.4185264110565187,"y":1.462418794631958,"z":13.438617706298829},"rotation":{"x":-0.019490506500005723,"y":0.04347524791955948,"z":-0.0008481705444864929,"w":-0.9988747239112854},"size":27.07895851135254,"orthographic":false}